,l1,Train MAPE,Val MAPE,Test MAPE,Next M MAPE,Next D MAPE,Next H MAPE
2,0.5,1.644468214,1.552143991,1.553407498,1.603983939,1.473724898,1.582513377
4,0.9,1.837555394,1.79602351,1.650253367,1.626557056,1.543016024,1.781186871
0,0.1,1.738807596,1.873822846,1.738976762,1.780028027,1.638201736,1.798700485
3,0.7,2.001730334,1.988088973,2.017827705,2.025146279,1.993602868,2.034733873
1,0.3,2.046160121,2.077415138,2.070526686,2.095910106,2.003426533,2.112243343
